{"cameraMode":{"drawMode":0,"name":"Shaded","section":"Shading Mode"},"sceneLighting":false,"audioPlay":false,"sceneViewState":{"m_AlwaysRefresh":false,"showFog":true,"showSkybox":false,"showFlares":true,"showImageEffects":true,"showParticleSystems":true,"showVisualEffectGraphs":true,"m_FxEnabled":true},"in2DMode":false,"pivot":{"x":0.2546404004096985,"y":1.333874225616455,"z":0.0027803550474345686},"rotation":{"x":0.09317690879106522,"y":-0.008092966862022877,"z":0.0008111914503388107,"w":0.9957041144371033},"size":2.5253546237945558,"orthographic":false}