{"cameraMode":{"drawMode":0,"name":"Shaded","section":"Shading Mode"},"sceneLighting":false,"audioPlay":false,"sceneViewState":{"m_AlwaysRefresh":false,"showFog":true,"showSkybox":false,"showFlares":true,"showImageEffects":true,"showParticleSystems":true,"showVisualEffectGraphs":true,"m_FxEnabled":true},"in2DMode":false,"pivot":{"x":-0.1609630584716797,"y":1.2522982358932496,"z":1.3843883275985718},"rotation":{"x":-0.2686235010623932,"y":0.09523630142211914,"z":-0.026617174968123437,"w":-0.9582362174987793},"size":2.5695674419403078,"orthographic":false}