{"cameraMode":{"drawMode":0,"name":"Shaded","section":"Shading Mode"},"sceneLighting":true,"audioPlay":false,"sceneViewState":{"m_AlwaysRefresh":false,"showFog":true,"showSkybox":true,"showFlares":true,"showImageEffects":true,"showParticleSystems":true,"showVisualEffectGraphs":true,"m_FxEnabled":true},"in2DMode":false,"pivot":{"x":-1.1730841398239136,"y":-0.04641015827655792,"z":24.400476455688478},"rotation":{"x":-0.2310306578874588,"y":0.6711108088493347,"z":-0.23325520753860475,"w":-0.6647309064865112},"size":9.815250396728516,"orthographic":false}