{"cameraMode":{"drawMode":0,"name":"Shaded","section":"Shading Mode"},"sceneLighting":false,"audioPlay":false,"sceneViewState":{"m_AlwaysRefresh":false,"showFog":true,"showSkybox":false,"showFlares":true,"showImageEffects":true,"showParticleSystems":true,"showVisualEffectGraphs":true,"m_FxEnabled":true},"in2DMode":false,"pivot":{"x":-11.321880340576172,"y":-12.790544509887696,"z":1.3220715522766114},"rotation":{"x":-0.34286344051361086,"y":0.5973055958747864,"z":-0.31179341673851015,"w":-0.6547401547431946},"size":0.8660253882408142,"orthographic":false}