{"cameraMode":{"drawMode":0,"name":"Shaded","section":"Shading Mode"},"sceneLighting":true,"audioPlay":false,"sceneViewState":{"m_AlwaysRefresh":false,"showFog":true,"showSkybox":true,"showFlares":true,"showImageEffects":true,"showParticleSystems":true,"showVisualEffectGraphs":true,"m_FxEnabled":true},"in2DMode":false,"pivot":{"x":-0.09302302449941635,"y":-4.807783126831055,"z":-14.414448738098145},"rotation":{"x":-0.001703025889582932,"y":0.9850799441337586,"z":-0.17195549607276917,"w":-0.011256156489253044},"size":12.12435531616211,"orthographic":false}