{"cameraMode":{"drawMode":0,"name":"Shaded","section":"Shading Mode"},"sceneLighting":true,"audioPlay":false,"sceneViewState":{"m_AlwaysRefresh":false,"showFog":true,"showSkybox":true,"showFlares":true,"showImageEffects":true,"showParticleSystems":true,"showVisualEffectGraphs":true,"m_FxEnabled":true},"in2DMode":false,"pivot":{"x":4.653836727142334,"y":-1.7807416915893555,"z":11.921514511108399},"rotation":{"x":0.13405823707580567,"y":0.11061713099479675,"z":-0.01506565511226654,"w":0.9847047328948975},"size":10.172337532043457,"orthographic":false}