{"cameraMode":{"drawMode":0,"name":"Shaded","section":"Shading Mode"},"sceneLighting":true,"audioPlay":false,"sceneViewState":{"m_AlwaysRefresh":false,"showFog":true,"showSkybox":true,"showFlares":true,"showImageEffects":true,"showParticleSystems":true,"showVisualEffectGraphs":true,"m_FxEnabled":true},"in2DMode":false,"pivot":{"x":14.04709529876709,"y":0.4917469024658203,"z":11.214556694030762},"rotation":{"x":-0.04410908743739128,"y":-0.4558731019496918,"z":0.023101750761270524,"w":-0.8887594938278198},"size":11.929328918457032,"orthographic":false}