{"cameraMode":{"drawMode":0,"name":"Shaded","section":"Shading Mode"},"sceneLighting":true,"audioPlay":false,"sceneViewState":{"m_AlwaysRefresh":false,"showFog":true,"showSkybox":true,"showFlares":true,"showImageEffects":true,"showParticleSystems":true,"showVisualEffectGraphs":true,"m_FxEnabled":true},"in2DMode":false,"pivot":{"x":-0.21804019808769227,"y":0.09337291121482849,"z":-0.5303547978401184},"rotation":{"x":0.0014997227117419243,"y":-0.01949874870479107,"z":0.00002925115404650569,"w":0.9998090267181397},"size":2.1218905448913576,"orthographic":false}