{"cameraMode":{"drawMode":0,"name":"Shaded","section":"Shading Mode"},"sceneLighting":true,"audioPlay":false,"sceneViewState":{"m_AlwaysRefresh":false,"showFog":true,"showSkybox":true,"showFlares":true,"showImageEffects":true,"showParticleSystems":true,"showVisualEffectGraphs":true,"m_FxEnabled":true},"in2DMode":false,"pivot":{"x":-5.051071643829346,"y":0.6865901947021484,"z":23.401870727539064},"rotation":{"x":0.08241099119186402,"y":-0.09472281485795975,"z":0.00717579573392868,"w":0.99216628074646},"size":16.234167098999025,"orthographic":false}